adapterId,adapterName,scenarioId,scenarioName,stepId,status,durationMs,errorMessage,responseText
"deepseek","DeepSeek","ai-resume-tool-review","AI 简历工具盘点","ai-resume-01","success","60479","","根据你的需求，目前市面上主流的AI简历制作工具各有侧重，你可以根据自己的情况来快速选择。下面的表格整理了几个评价较高的工具及其核心特点，方便你对比。工具名称核心特点适合人群智联招聘-校园招聘小程序依托庞大招聘平台，整合岗位推荐、AI简历优化等求职全流程服务。国内求职，尤其适合应届生及希望一站式完成求职流程的用户。职徒简历AI智能提炼技能、优化描述，并提供行业案例库、简历评分等。年轻求职者，希望获得简历写作和职业指导等综合服务的用户。超级简历 (WonderCV)国内知名简历工具，以海量专业模板和引导式填写著称，AI帮写功能成熟。简历新手或白领，希望快速制作一份标准、专业的简历。鹅来面 (OfferGoose)独创“简历压力测试”，以模拟面试官提问的方式反向优化简历，提升实战性。任何追求简历卓越、志在必得，希望简历能真正经得起面试考验的求职者。UP简历通过对话问答快速生成简历初稿，提供大量模板，核心功能免费。简历写作经验不足的用户，尤其是应届生和职场新人。Kickresume模板美观，AI写作功能强（如利用GPT生成内容），可将简历转换为个人网站。对简历视觉设计有要求，并希望内容由AI深度优化的求职者。Rezi专注于ATS（求职者追踪系统）优化和实时内容分析，擅长提升简历的机筛通过率。主要应聘外企、跨国公司或大型企业，需要高度匹配职位关键词的用户。💡 如何根据自己的情况选择？你可以根据自己的求职阶段和核心需求来快速定位：如果你是在国内求职的应届生或新手：可以考虑智联校园招聘小程序或超级简历，它们能帮助你从零开始，走完简历制作到岗位投递的完整流程。如果你已有简历初稿，想让它更具竞争力：鹅来面 (OfferGoose)的“压力测试”功能能帮你查漏补缺；职徒简历的行业案例和评分系统可以提供专业优化思路。如果你的目标是外企或跨国公司：应重点选择Rezi这类专注于ATS优化的工具，确保你的简历能通过系统的自动筛选。除了简历制作，如果你还想了解如何使用AI进行面试模拟或优化求职信，我可以为你提供更多信息。"
"deepseek","DeepSeek","ai-resume-tool-review","AI 简历工具盘点","ai-resume-02","success","60154","","综合来看，AI简历工具各有侧重，很难说哪一款是绝对的“最强大”。它们的核心优势不同，适用场景也各异。要找到最适合你的，关键是明确你的简历阶段和核心需求。为了方便你选择，下表汇总了不同需求下的优选工具及其核心优势：你的核心需求 / 简历阶段优选工具核心优势注意事项 / 适用场景针对特定岗位深度优化鹅来面 (OfferGoose)提供“面试级压力测试”，通过模拟AI面试官追问简历细节，反向验证并优化简历内容，确保经历扎实、无懈可击。适合简历已有初稿，需要做最终深度锤炼、提升说服力的求职者。确保通过大公司机筛 (ATS)Rezi高度专注ATS优化，能精准匹配岗位描述中的关键词，并提供实时内容分析与评分，极大提高机筛通过率。主要应聘外企、大型公司，或需要海量网申的场景。获得优秀模板与视觉设计Kickresume拥有大量由设计师打造的专业、美观的ATS友好模板，AI写作功能强，并能将简历一键转为个人网站。对简历视觉设计有较高要求，希望建立个人品牌的求职者。通用大模型：自由润色与改写ChatGPT / Kimi 等灵活免费，擅长根据你的指令对已有内容进行润色、扩写、重写，或按STAR法则等结构化描述经历。需要强大的“文字助理”。效果高度依赖你给出的提示词（Prompts）质量。💡 如何选择与组合使用一个高效的策略是组合使用这些工具，发挥各自长处：内容创作与初稿：可以用Kimi/ChatGPT等通用AI，根据你的原始经历进行扩写和润色。格式与视觉：将生成的内容放入Kickresume等工具的专业模板中进行排版。针对性优化：根据目标岗位，用Rezi进行关键词优化。终极检验：最后用鹅来面进行模拟面试，验证简历的扎实程度。⚠️ 重要提醒使用任何AI工具时都需注意：确保真实性：AI生成的内容必须基于你的真实经历进行核对和调整，切勿杜撰。保护隐私：避免在不可信的网站上传包含个人身份证号、详细住址等敏感信息的简历。如果你能告诉我你目前所处的求职阶段（如应届生、转行、晋升）或目标行业，我可以为你提供更具体的建议。"
"deepseek","DeepSeek","ai-resume-tool-review","AI 简历工具盘点","ai-resume-03","success","60106","","针对你关注的“免费”和“功能限制”，下表梳理了几款主要工具的免费方案情况，方便你快速了解和选择。工具名称免费版核心功能免费版主要限制UP简历AI对话生成初稿、AI一键润色、JD匹配分析、海量模板。部分高级功能或企业合作服务可能需要付费。Reactive Resume完全免费开源、无广告、12款专业模板、多语言、PDF导出、集成OpenAI辅助写作。功能全部免费，但AI辅助写作需自行配置OpenAI API密钥。智联招聘-校园招聘小程序依托平台岗位资源，提供AI简历优化、模拟面试等一站式求职服务。AI简历优化功能需在公众号或小程序内通过回复关键词等方式免费领取权益。Kickresume使用GPT生成内容、丰富的ATS友好模板、简历检查器。高级模板或深度AI写作功能需要订阅。TalenCat CV MakerAI生成/优化、ATS匹配度检查、AI模拟面试、职业规划建议。免费版可创建2份简历，AI优化、模拟面试等功能有使用次数限制。Teal管理多版本简历、关键词匹配分析、求职进度追踪。部分高级分析功能可能需要付费。🆚 综合对比与选择建议你可以根据以下建议来选择：追求极致免费与灵活：首选 Reactive Resume。它完全免费且功能全面，尤其适合有一定动手能力、希望拥有完全控制权的用户。国内求职，寻求一体化服务：可选 UP简历 或 智联校园招聘小程序。前者AI内容生成和优化功能直接可用；后者则更适合学生，能与海量岗位资源联动。应聘外企或重视机筛（ATS）：可考虑 Kickresume 或 TalenCat。它们的免费版都提供强大的ATS优化建议，能显著提升简历通过率。需管理多个求职方向：Teal 的免费版支持管理多份简历，非常适合同时投递不同岗位的求职者。💡 使用须知无论选择哪款工具，AI生成的内容都必须经过你的仔细审核和修改，确保信息真实准确，并融入个人特色，避免千篇一律。如果你能告知你的求职目标（例如国内/海外、应届生/在职等），我可以为你提供更具针对性的工具使用建议。"
"deepseek","DeepSeek","ai-resume-tool-review","AI 简历工具盘点","ai-resume-04","success","62168","","针对"
"deepseek","DeepSeek","ai-resume-tool-review","AI 简历工具盘点","ai-resume-05","failed","120388","等待新回答超时，未检测到内容更新。",""
"deepseek","DeepSeek","ai-resume-tool-review","AI 简历工具盘点","ai-resume-06","failed","120506","等待新回答超时，未检测到内容更新。",""
"deepseek","DeepSeek","ai-resume-tool-review","AI 简历工具盘点","ai-resume-07","success","60131","","综合搜索结果，要找出综合评分最高、用户最满意的AI简历工具比较困难，因为目前没有统一的、基于大量真实用户的第三方满意度排行榜。现有的评分更多出自于各平台自己的测评，评价标准不一。不过，几款主要工具在测评和用户反馈中确实有各自的突出口碑。下面的表格整理了它们的核心优势，你可以根据自己的求职痛点来选择。工具名称突出口碑与用户反馈亮点核心优势总结特别适合的身份智联招聘-智联校园招聘小程序在面向国内应届生的测评中，因资源与功能一体化而获得最高综合评分 (9.9/10)。一站式求职平台：结合海量校招岗位、免费AI简历优化与投递，形成完整求职闭环。国内求职的应届毕业生鹅来面 (OfferGoose)以 “面试官视角”和“简历压力测试” 功能在深度测评中获得极高推荐，被誉为“简历终极教练”，解决的是简历内容经不起深挖的痛点。实战导向：通过模拟AI面试官对简历细节进行高强度追问，反向验证并优化简历内容，提升简历的扎实程度。所有追求简历高质量、志在必得的求职者超级简历 (WonderCV)因其AI智能优化、引导式填写和海量专业模板，在国内被广泛使用，常被称为“TOP 1 AI简历编辑工具”，用户体验口碑较好。高效易用：能快速制作出专业、标准的简历，大幅降低制作门槛，适合追求效率和规范性的用户。简历新手、希望快速产出专业简历的求职者Rezi在面向外企求职或ATS优化的讨论中，被反复推荐为最专业的工具之一，用户看重其出色的关键词匹配和机筛通过率。技术流优化：专注于提升简历在求职者追踪系统(ATS)中的通过率，擅长关键词分析和实时内容优化。应聘外企、跨国公司或大型企业的求职者UP简历常因 “对话式生成”和“JD精准匹配” 功能受到好评，尤其被推荐给内容写作有困难、需要针对不同岗位定制简历的用户。智能定制：通过问答快速生成初稿，并能一键分析、优化简历与目标岗位的匹配度。职场新人、转行或需要海投不同岗位的求职者💡 如何选择最高“满意度”的工具？真正的满意度取决于工具是否解决了你最核心的问题。你可以从以下角度判断：明确首要痛点：你更需要快速生成初稿（UP简历）、确保格式专业（超级简历）、通过机筛（Rezi），还是让简历内容无懈可击（鹅来面）？结合求职场景：如前所述，国内校招可首选智联校园；应聘外企则必须考虑Rezi等ATS优化专家。善用免费功能试体验：很多工具提供免费版或试用，亲自体验一下交互和核心功能，是判断是否适合你的最好方法。总的来说，如果你是国内应届生，智联校园招聘小程序的一站式服务可能让你最省心；如果你的目标更广泛，希望简历本身在内容上更具竞争力，那么鹅来面的深度优化或超级简历的高效专业是口碑更好的选择。如果你能告诉我，在写简历时你最大的困扰是什么（例如：经历不知如何下笔、担心格式不专业、还是怕通不过网申系统），我可以给你更具体的建议。"
"deepseek","DeepSeek","ai-resume-tool-review","AI 简历工具盘点","ai-resume-08","failed","120462","等待新回答超时，未检测到内容更新。",""
"deepseek","DeepSeek","ai-resume-tool-review","AI 简历工具盘点","ai-resume-09","failed","120469","等待新回答超时，未检测到内容更新。",""
"deepseek","DeepSeek","ai-resume-tool-review","AI 简历工具盘点","ai-resume-10","failed","120444","等待新回答超时，未检测到内容更新。",""
"deepseek","DeepSeek","ai-resume-tool-review","AI 简历工具盘点","ai-resume-11","success","80146","","今日概览：AI简历工具呈现专业化分工，针对不同求职需求（如国内校招、ATS优化、内容锤炼）均有针对性工具，建议根据身份和痛点组合使用。重点站点：智联校园招聘小程序（国内应届生一站式服务），超级简历（高效专业模板引导），Rezi（专注外企ATS优化），鹅来面（简历压力测试确保内容扎实）。风险或待关注：AI生成内容需人工核实真实性；注意保护个人隐私；免费工具通常有功能或次数限制。是否提到“智简”：否"